{
  "Isolation Forest": {
    "accuracy": 0.9972549019607844,
    "precision": 0.9554140127388535,
    "recall": 1.0,
    "f1_score": 0.9771986970684039,
    "roc_auc": 1.0,
    "true_positives": 150,
    "true_negatives": 2393,
    "false_positives": 7,
    "false_negatives": 0,
    "false_positive_rate": 0.002916666666666667,
    "false_negative_rate": 0.0,
    "avg_inference_time_ms": 6.287172997836024
  },
  "Autoencoder": {
    "accuracy": 0.9470588235294117,
    "precision": 0.5263157894736842,
    "recall": 1.0,
    "f1_score": 0.6896551724137931,
    "roc_auc": 1.0,
    "true_positives": 150,
    "true_negatives": 2265,
    "false_positives": 135,
    "false_negatives": 0,
    "false_positive_rate": 0.05625,
    "false_negative_rate": 0.0,
    "avg_inference_time_ms": 55.69576499983668
  },
  "LSTM": {
    "accuracy": 0.9996064541519087,
    "precision": 1.0,
    "recall": 0.9932885906040269,
    "f1_score": 0.9966329966329966,
    "roc_auc": 1.0,
    "true_positives": 148,
    "true_negatives": 2392,
    "false_positives": 0,
    "false_negatives": 1,
    "false_positive_rate": 0.0,
    "false_negative_rate": 0.006711409395973154,
    "avg_inference_time_ms": 54.404260996961966
  }
}